,aspect0,aspect1,aspect2,aspect3,aspect4,aspect5,micro,macro
p,0.9879518072289156,0.8333333333333334,0.9375,0.9130434782608695,0.9653179190751445,1.0,0.9404096834264432,0.9395244229830438
r,0.9761904761904762,0.8536585365853658,0.8333333333333334,0.9230769230769231,0.9597701149425287,0.9583333333333334,0.933456561922366,0.9173937862436601
f1,0.9820359281437125,0.8433734939759037,0.8823529411764706,0.9180327868852459,0.962536023054755,0.9787234042553191,0.9369202226345084,0.9278424295819012

